Region,Industry,2005,2014,CAGR
"Atlanta-Sandy Springs-Roswell, GA Metro Area","21 - Mining, Quarrying, and Oil and Gas Extraction",1.8,1.3,-0.03551215055594592
"Atlanta-Sandy Springs-Roswell, GA Metro Area",22 - Utilities,10.47869901,10.0707622,-0.004402296568496222
"Atlanta-Sandy Springs-Roswell, GA Metro Area",23 - Construction,129.6888698,97.32410599,-0.03139565462806737
"Atlanta-Sandy Springs-Roswell, GA Metro Area",31-33 - Manufacturing,81.33789781,69.66064911,-0.01707219793351744
"Atlanta-Sandy Springs-Roswell, GA Metro Area",42 - Wholesale Trade,150.1562782,144.7238626,-0.0040859713347694004
"Atlanta-Sandy Springs-Roswell, GA Metro Area",44-45 - Retail Trade,255.8942194,270.5106215,0.0061909977249163806
"Atlanta-Sandy Springs-Roswell, GA Metro Area",48-49 - Transportation and Warehousing,99.97066668,105.8215528,0.006339722796097957
"Atlanta-Sandy Springs-Roswell, GA Metro Area",51 - Information,83.34010253,88.26892572,0.006404675257746684
"Atlanta-Sandy Springs-Roswell, GA Metro Area",52 - Finance and Insurance,119.5518133,114.9164069,-0.004384238153208986
"Atlanta-Sandy Springs-Roswell, GA Metro Area",53 - Real Estate and Rental and Leasing,43.78967517,42.48014781,-0.0033677836336616362
"Atlanta-Sandy Springs-Roswell, GA Metro Area","54 - Professional, Scientific, and Technical Services",151.8770844,193.3314639,0.027177712434630186
"Atlanta-Sandy Springs-Roswell, GA Metro Area",55 - Management of Companies and Enterprises,56.17154022,68.89357878,0.022942869076466366
"Atlanta-Sandy Springs-Roswell, GA Metro Area",56 - Administrative and Support and Waste Management and Remediation Services,193.0748863,205.9136097,0.0071788211729251206
"Atlanta-Sandy Springs-Roswell, GA Metro Area",61 - Educational Services,37.04811939,53.28983121,0.041218844724833836
"Atlanta-Sandy Springs-Roswell, GA Metro Area",62 - Health Care and Social Assistance,184.5612795,250.4272138,0.034491126815805906
"Atlanta-Sandy Springs-Roswell, GA Metro Area","71 - Arts, Entertainment, and Recreation",24.34582095,28.8809012,0.019161300061072417
"Atlanta-Sandy Springs-Roswell, GA Metro Area",72 - Accommodation and Food Services,192.092782,224.2051188,0.017324225313404495
"Atlanta-Sandy Springs-Roswell, GA Metro Area",81 - Other Services (except Public Administration),33.50362918,51.35491318,0.04860039321690035
"Atlanta-Sandy Springs-Roswell, GA Metro Area",92 - Public Administration,311.5018554,317.5280146,0.0021312406328404254
"Atlanta-Sandy Springs-Roswell, GA Metro Area",GMP,313144.329,342782.6,0.010098676211320878
"Atlanta-Sandy Springs-Roswell, GA Metro Area",POP,4947.012,5595.218,0.013774962029285742
"Atlanta-Sandy Springs-Roswell, GA Metro Area",Unemployment Rate,5.4,7.2,0.0324810319761204
"Boston-Cambridge-Newton, MA-NH Metro Area","21 - Mining, Quarrying, and Oil and Gas Extraction",1.3,0.6,-0.0823231701864996
"Boston-Cambridge-Newton, MA-NH Metro Area",22 - Utilities,62.9,61.7,-0.002137959390484223
"Boston-Cambridge-Newton, MA-NH Metro Area",23 - Construction,22.9,19.5,-0.0176995394407522
"Boston-Cambridge-Newton, MA-NH Metro Area",31-33 - Manufacturing,98.38519176,78.57818027,-0.02466800738814623
"Boston-Cambridge-Newton, MA-NH Metro Area",42 - Wholesale Trade,88.5,80.3,-0.010745509081879767
"Boston-Cambridge-Newton, MA-NH Metro Area",44-45 - Retail Trade,246.7,247.2,0.00022499220119653884
"Boston-Cambridge-Newton, MA-NH Metro Area",48-49 - Transportation and Warehousing,56.3,55.3,-0.001989310540101985
"Boston-Cambridge-Newton, MA-NH Metro Area",51 - Information,37.2,36.3,-0.002717525270314436
"Boston-Cambridge-Newton, MA-NH Metro Area",52 - Finance and Insurance,123.4588369,117.2285653,-0.00573705956791859
"Boston-Cambridge-Newton, MA-NH Metro Area",53 - Real Estate and Rental and Leasing,19.78749143,21.22321143,0.007813194878571128
"Boston-Cambridge-Newton, MA-NH Metro Area","54 - Professional, Scientific, and Technical Services",202.5,244.7,0.02125530815054888
"Boston-Cambridge-Newton, MA-NH Metro Area",55 - Management of Companies and Enterprises,50.5,56.5,0.012552271311190077
"Boston-Cambridge-Newton, MA-NH Metro Area",56 - Administrative and Support and Waste Management and Remediation Services,118.7,129.6,0.009809296858325878
"Boston-Cambridge-Newton, MA-NH Metro Area",61 - Educational Services,106.2,126.6,0.01971497875634931
"Boston-Cambridge-Newton, MA-NH Metro Area",62 - Health Care and Social Assistance,311.6,392.8,0.026065043820759914
"Boston-Cambridge-Newton, MA-NH Metro Area","71 - Arts, Entertainment, and Recreation",27.7,32.3,0.017217069430894183
"Boston-Cambridge-Newton, MA-NH Metro Area",72 - Accommodation and Food Services,164.5,198.2,0.020923223578801053
"Boston-Cambridge-Newton, MA-NH Metro Area",81 - Other Services (except Public Administration),95.29374392,123.2986205,0.029040926195698535
"Boston-Cambridge-Newton, MA-NH Metro Area",92 - Public Administration,9.14463713,12.43152439,0.034707377192155775
"Boston-Cambridge-Newton, MA-NH Metro Area",GMP,329868.936,400960.432,0.02192209376943799
"Boston-Cambridge-Newton, MA-NH Metro Area",POP,4458.891,4748.757,0.00702263487972643
"Boston-Cambridge-Newton, MA-NH Metro Area",Unemployment Rate,5.0,5.8,0.016627840632134072
"Chicago-Naperville-Elgin, IL-IN Metro Area","21 - Mining, Quarrying, and Oil and Gas Extraction",2.275314209,1.410555669,-0.05173952206917365
"Chicago-Naperville-Elgin, IL-IN Metro Area",22 - Utilities,15.07449786,18.13295415,0.020737258915366485
"Chicago-Naperville-Elgin, IL-IN Metro Area",23 - Construction,207.1202657,149.3279509,-0.03569777707856325
"Chicago-Naperville-Elgin, IL-IN Metro Area",31-33 - Manufacturing,491.3289634,404.2151578,-0.021451743070290186
"Chicago-Naperville-Elgin, IL-IN Metro Area",42 - Wholesale Trade,239.0255761,235.9894559,-0.0014193732399622183
"Chicago-Naperville-Elgin, IL-IN Metro Area",44-45 - Retail Trade,458.1593504,442.9821109,-0.0037360770682786093
"Chicago-Naperville-Elgin, IL-IN Metro Area",48-49 - Transportation and Warehousing,162.8835116,167.1147099,0.002853526877915513
"Chicago-Naperville-Elgin, IL-IN Metro Area",51 - Information,93.44882045,78.72916297,-0.01886427376616462
"Chicago-Naperville-Elgin, IL-IN Metro Area",52 - Finance and Insurance,222.2309647,196.3850309,-0.013643850291269244
"Chicago-Naperville-Elgin, IL-IN Metro Area",53 - Real Estate and Rental and Leasing,41.60548011,39.05492685,-0.007004559129583532
"Chicago-Naperville-Elgin, IL-IN Metro Area","54 - Professional, Scientific, and Technical Services",258.5654207,301.4331117,0.017190461946580582
"Chicago-Naperville-Elgin, IL-IN Metro Area",55 - Management of Companies and Enterprises,62.11659379,73.6254406,0.019065860566430004
"Chicago-Naperville-Elgin, IL-IN Metro Area",56 - Administrative and Support and Waste Management and Remediation Services,249.7439943,281.396895,0.013347148466715586
"Chicago-Naperville-Elgin, IL-IN Metro Area",61 - Educational Services,87.70457953,118.6822348,0.03417953232151372
"Chicago-Naperville-Elgin, IL-IN Metro Area","71 - Arts, Entertainment, and Recreation",45.9947792,49.3940142,0.007953837521274432
"Chicago-Naperville-Elgin, IL-IN Metro Area",72 - Accommodation and Food Services,249.3339928,289.4439783,0.0167123854534581
"Chicago-Naperville-Elgin, IL-IN Metro Area",81 - Other Services (except Public Administration),89.28374504,90.02818057,0.0009230139240570256
"Chicago-Naperville-Elgin, IL-IN Metro Area",GMP,595469.776,644468.362,0.008824833309980074
"Chicago-Naperville-Elgin, IL-IN Metro Area",POP,9362.08,9560.285,0.002330494758962409
"Chicago-Naperville-Elgin, IL-IN Metro Area",Unemployment Rate,6.5,8.7,0.03292151076643357
"Dallas-Fort Worth-Arlington, TX Metro Area","21 - Mining, Quarrying, and Oil and Gas Extraction",162.0766075,184.7613671,0.014661549785729866
"Dallas-Fort Worth-Arlington, TX Metro Area",22 - Utilities,607.4364564,664.4933636,0.010025176487453047
"Dallas-Fort Worth-Arlington, TX Metro Area",23 - Construction,162.0766075,184.7613671,0.014661549785729866
"Dallas-Fort Worth-Arlington, TX Metro Area",31-33 - Manufacturing,290.5174158,257.8225446,-0.013178173938646953
"Dallas-Fort Worth-Arlington, TX Metro Area",42 - Wholesale Trade,166.0140592,180.1531192,0.009122993431033954
"Dallas-Fort Worth-Arlington, TX Metro Area",44-45 - Retail Trade,305.7584935,333.8630471,0.009818478821083554
"Dallas-Fort Worth-Arlington, TX Metro Area",48-49 - Transportation and Warehousing,135.794058,150.7979296,0.011712647377263519
"Dallas-Fort Worth-Arlington, TX Metro Area",51 - Information,94.4139924,82.25199679,-0.015205611517060125
"Dallas-Fort Worth-Arlington, TX Metro Area",52 - Finance and Insurance,165.9360856,201.0671505,0.021566629983415853
"Dallas-Fort Worth-Arlington, TX Metro Area",53 - Real Estate and Rental and Leasing,42.57102791,48.35479112,0.014255248825549849
"Dallas-Fort Worth-Arlington, TX Metro Area","54 - Professional, Scientific, and Technical Services",165.0674166,216.7344814,0.030720086577496364
"Dallas-Fort Worth-Arlington, TX Metro Area",56 - Administrative and Support and Waste Management and Remediation Services,202.3971571,257.3869456,0.0270651946139302
"Dallas-Fort Worth-Arlington, TX Metro Area",61 - Educational Services,240.7584246,338.2797235,0.03850955601227568
"Dallas-Fort Worth-Arlington, TX Metro Area",62 - Health Care and Social Assistance,240.7584246,338.2797235,0.03850955601227568
"Dallas-Fort Worth-Arlington, TX Metro Area","71 - Arts, Entertainment, and Recreation",18.8570413,25.19098797,0.032701071386694425
"Dallas-Fort Worth-Arlington, TX Metro Area",72 - Accommodation and Food Services,225.449362,282.8975959,0.02554178638428306
"Dallas-Fort Worth-Arlington, TX Metro Area",81 - Other Services (except Public Administration),106.0007674,116.4890299,0.010538562556668074
"Dallas-Fort Worth-Arlington, TX Metro Area",92 - Public Administration,50.87978811,44.25892276,-0.015370511245258456
"Dallas-Fort Worth-Arlington, TX Metro Area",92 - Public Administration.1,50.87978811,44.25892276,-0.015370511245258456
"Dallas-Fort Worth-Arlington, TX Metro Area",GMP,336477.893,435538.151,0.02908722099282035
"Dallas-Fort Worth-Arlington, TX Metro Area",POP,5816.407,6889.603,0.01899263586208999
"Dallas-Fort Worth-Arlington, TX Metro Area",Unemployment Rate,5.9,5.7,-0.003824465373669761
"Denver-Aurora-Centennial, CO Metro Area","21 - Mining, Quarrying, and Oil and Gas Extraction",87.32117815,86.20492349,-0.001428504362243177
"Denver-Aurora-Centennial, CO Metro Area",22 - Utilities,3.7,3.6,-0.0030397011902275617
"Denver-Aurora-Centennial, CO Metro Area",23 - Construction,15.09128778,12.82502585,-0.017917450352513464
"Denver-Aurora-Centennial, CO Metro Area",31-33 - Manufacturing,27.54157193,23.74937502,-0.016325313158862653
"Denver-Aurora-Centennial, CO Metro Area",42 - Wholesale Trade,61.988838,66.01729966,0.007020359903402884
"Denver-Aurora-Centennial, CO Metro Area",44-45 - Retail Trade,122.5222173,129.8367006,0.006463591916060496
"Denver-Aurora-Centennial, CO Metro Area",48-49 - Transportation and Warehousing,45.52660085,46.81694824,0.003110214495563479
"Denver-Aurora-Centennial, CO Metro Area",51 - Information,49.55269225,45.12795727,-0.010338920288587516
"Denver-Aurora-Centennial, CO Metro Area",52 - Finance and Insurance,71.50585288,71.31629341,-0.00029489922236280997
"Denver-Aurora-Centennial, CO Metro Area",53 - Real Estate and Rental and Leasing,26.7426922,25.06375841,-0.007178370704052139
"Denver-Aurora-Centennial, CO Metro Area","54 - Professional, Scientific, and Technical Services",89.09517813,117.1292436,0.030863677645070586
"Denver-Aurora-Centennial, CO Metro Area",55 - Management of Companies and Enterprises,19.20748567,28.72898833,0.04574972062156646
"Denver-Aurora-Centennial, CO Metro Area",56 - Administrative and Support and Waste Management and Remediation Services,81.24681005,91.48567914,0.013275220066784277
"Denver-Aurora-Centennial, CO Metro Area",61 - Educational Services,17.20394737,23.95993267,0.03749058753077339
"Denver-Aurora-Centennial, CO Metro Area",62 - Health Care and Social Assistance,100.4566409,140.1242512,0.037670345994955445
"Denver-Aurora-Centennial, CO Metro Area","71 - Arts, Entertainment, and Recreation",19.91392659,21.96429687,0.010948270653029946
"Denver-Aurora-Centennial, CO Metro Area",72 - Accommodation and Food Services,99.87947235,123.1945107,0.023584974095679057
"Denver-Aurora-Centennial, CO Metro Area",81 - Other Services (except Public Administration),24.36765949,30.27648986,0.024417187144722963
"Denver-Aurora-Centennial, CO Metro Area",92 - Public Administration,163.7629791,184.9409338,0.013604641630220904
"Denver-Aurora-Centennial, CO Metro Area",GMP,149942.899,181126.153,0.02121515479249103
"Denver-Aurora-Centennial, CO Metro Area",POP,2353.518,2755.153,0.01766100400945536
"Denver-Aurora-Centennial, CO Metro Area",Unemployment Rate,5.7,6.0,0.005715526582748209
"Houston-Pasadena-The Woodlands, TX Metro Area","21 - Mining, Quarrying, and Oil and Gas Extraction",68.86947224,109.93047,0.053333031174111145
"Houston-Pasadena-The Woodlands, TX Metro Area",22 - Utilities,15.59961073,15.91271588,0.002210502872057818
"Houston-Pasadena-The Woodlands, TX Metro Area",23 - Construction,172.548572,196.0732838,0.014302393530071456
"Houston-Pasadena-The Woodlands, TX Metro Area",31-33 - Manufacturing,23.20683353,40.89425563,0.06497273961251349
"Houston-Pasadena-The Woodlands, TX Metro Area",42 - Wholesale Trade,123.9172676,159.5135043,0.028454469077962008
"Houston-Pasadena-The Woodlands, TX Metro Area",44-45 - Retail Trade,244.3181571,292.1840592,0.020078089574415703
"Houston-Pasadena-The Woodlands, TX Metro Area",48-49 - Transportation and Warehousing,114.3123786,134.4520724,0.01819385348232161
"Houston-Pasadena-The Woodlands, TX Metro Area",51 - Information,172.548572,196.0732838,0.014302393530071456
"Houston-Pasadena-The Woodlands, TX Metro Area",52 - Finance and Insurance,90.67678672,93.21173226,0.003068276080657517
"Houston-Pasadena-The Woodlands, TX Metro Area",53 - Real Estate and Rental and Leasing,48.22569094,53.17846301,0.01092160979422685
"Houston-Pasadena-The Woodlands, TX Metro Area","54 - Professional, Scientific, and Technical Services",156.4491153,212.8298535,0.03478720068474561
"Houston-Pasadena-The Woodlands, TX Metro Area",55 - Management of Companies and Enterprises,16.9144733,34.35666717,0.08191895011611927
"Houston-Pasadena-The Woodlands, TX Metro Area",56 - Administrative and Support and Waste Management and Remediation Services,166.4728253,207.5343377,0.024798574365205273
"Houston-Pasadena-The Woodlands, TX Metro Area",61 - Educational Services,41.73267187,51.28472089,0.023165189936382724
"Houston-Pasadena-The Woodlands, TX Metro Area",62 - Health Care and Social Assistance,217.2791531,293.3477282,0.03391530273934351
"Houston-Pasadena-The Woodlands, TX Metro Area","71 - Arts, Entertainment, and Recreation",26.44113258,29.20590168,0.011111271268986034
"Houston-Pasadena-The Woodlands, TX Metro Area",72 - Accommodation and Food Services,180.103825,249.2197213,0.03674816273876247
"Houston-Pasadena-The Woodlands, TX Metro Area",81 - Other Services (except Public Administration),1.700722445,1.261329985,-0.032664217446647936
"Houston-Pasadena-The Woodlands, TX Metro Area",92 - Public Administration,27.66668494,27.62496719,-0.00016765344073466082
"Houston-Pasadena-The Woodlands, TX Metro Area",GMP,334271.481,452627.187,0.03425305477327112
"Houston-Pasadena-The Woodlands, TX Metro Area",POP,5299.567,6499.375,0.022934702470857937
"Houston-Pasadena-The Woodlands, TX Metro Area",Unemployment Rate,6.1,5.6,-0.00945745797497266
"Los Angeles-Long Beach-Anaheim, CA Metro Area","21 - Mining, Quarrying, and Oil and Gas Extraction",3.4,3.7,0.009439539388685247
"Los Angeles-Long Beach-Anaheim, CA Metro Area",22 - Utilities,22.52131024,20.02482468,-0.012969521951337604
"Los Angeles-Long Beach-Anaheim, CA Metro Area",23 - Construction,233.4130185,197.297415,-0.018504122015857827
"Los Angeles-Long Beach-Anaheim, CA Metro Area",31-33 - Manufacturing,667.7419023,534.154052,-0.02449689688129686
"Los Angeles-Long Beach-Anaheim, CA Metro Area",42 - Wholesale Trade,294.7904449,298.2227083,0.0012870278466166063
"Los Angeles-Long Beach-Anaheim, CA Metro Area",44-45 - Retail Trade,564.4493099,556.5487097,-0.0015649838618668754
"Los Angeles-Long Beach-Anaheim, CA Metro Area",48-49 - Transportation and Warehousing,182.2873529,178.0558256,-0.0026062839496919787
"Los Angeles-Long Beach-Anaheim, CA Metro Area",51 - Information,128.4374378,125.2689617,-0.0027715744186929125
"Los Angeles-Long Beach-Anaheim, CA Metro Area",52 - Finance and Insurance,262.0310884,211.4392685,-0.023554312077999517
"Los Angeles-Long Beach-Anaheim, CA Metro Area",53 - Real Estate and Rental and Leasing,113.4216388,112.9978967,-0.00041580088278991845
"Los Angeles-Long Beach-Anaheim, CA Metro Area","54 - Professional, Scientific, and Technical Services",342.9318066,394.9159264,0.015805978610303084
"Los Angeles-Long Beach-Anaheim, CA Metro Area",55 - Management of Companies and Enterprises,106.9170563,94.41501264,-0.013722012565640651
"Los Angeles-Long Beach-Anaheim, CA Metro Area",56 - Administrative and Support and Waste Management and Remediation Services,384.5277195,385.8803579,0.0003902415819381222
"Los Angeles-Long Beach-Anaheim, CA Metro Area",61 - Educational Services,116.6574644,143.1392789,0.022990993742475485
"Los Angeles-Long Beach-Anaheim, CA Metro Area",62 - Health Care and Social Assistance,595.7814327,759.5448156,0.027350160825136527
"Los Angeles-Long Beach-Anaheim, CA Metro Area","71 - Arts, Entertainment, and Recreation",96.95773634,114.4194287,0.01856983866886197
"Los Angeles-Long Beach-Anaheim, CA Metro Area",72 - Accommodation and Food Services,439.6236197,531.3074567,0.021269927321663884
"Los Angeles-Long Beach-Anaheim, CA Metro Area",81 - Other Services (except Public Administration),192.4,193.7,0.000748505788677134
"Los Angeles-Long Beach-Anaheim, CA Metro Area",92 - Public Administration,41.5,39.6,-0.005193611760780814
"Los Angeles-Long Beach-Anaheim, CA Metro Area",GMP,770701.041,876277.522,0.014366926690979609
"Los Angeles-Long Beach-Anaheim, CA Metro Area",POP,12761.175,13159.972,0.003425011986226245
"Los Angeles-Long Beach-Anaheim, CA Metro Area",Unemployment Rate,5.6,8.2,0.04328477466652769
"New York-Newark-Jersey City, NY-NJ Metro Area","21 - Mining, Quarrying, and Oil and Gas Extraction",32.9,38.1,0.016438270686081724
"New York-Newark-Jersey City, NY-NJ Metro Area",22 - Utilities,1578.391928,1616.932189,0.002684049154159318
"New York-Newark-Jersey City, NY-NJ Metro Area",23 - Construction,325.0,331.5,0.0022027143404186322
"New York-Newark-Jersey City, NY-NJ Metro Area",31-33 - Manufacturing,588.3,455.5,-0.02802657136011799
"New York-Newark-Jersey City, NY-NJ Metro Area",42 - Wholesale Trade,431.3285025,400.6669143,-0.00815980899639479
"New York-Newark-Jersey City, NY-NJ Metro Area",44-45 - Retail Trade,837.8769641,904.2589413,0.008507595640302679
"New York-Newark-Jersey City, NY-NJ Metro Area",48-49 - Transportation and Warehousing,279.5557576,281.69166,0.0008460582902274361
"New York-Newark-Jersey City, NY-NJ Metro Area",51 - Information,161.815919,187.5305809,0.016521951756271802
"New York-Newark-Jersey City, NY-NJ Metro Area",52 - Finance and Insurance,585.5889947,550.9276732,-0.006756475389820271
"New York-Newark-Jersey City, NY-NJ Metro Area",53 - Real Estate and Rental and Leasing,116.5177521,121.1086399,0.004303048667848364
"New York-Newark-Jersey City, NY-NJ Metro Area","54 - Professional, Scientific, and Technical Services",612.0026058,714.4372652,0.01734409768152423
"New York-Newark-Jersey City, NY-NJ Metro Area",55 - Management of Companies and Enterprises,150.799767,163.2369874,0.008844454741746555
"New York-Newark-Jersey City, NY-NJ Metro Area",56 - Administrative and Support and Waste Management and Remediation Services,486.9415799,513.8471425,0.005993632179538633
"New York-Newark-Jersey City, NY-NJ Metro Area",61 - Educational Services,163.0933984,223.0114427,0.03537809810513792
"New York-Newark-Jersey City, NY-NJ Metro Area",62 - Health Care and Social Assistance,1107.32524,1305.459434,0.018458017357533496
"New York-Newark-Jersey City, NY-NJ Metro Area","71 - Arts, Entertainment, and Recreation",133.2,160.9,0.02121425587283121
"New York-Newark-Jersey City, NY-NJ Metro Area",72 - Accommodation and Food Services,484.2362482,643.2964333,0.032062463890312864
"New York-Newark-Jersey City, NY-NJ Metro Area",81 - Other Services (except Public Administration),173.1410499,267.8773061,0.04968633083005747
"New York-Newark-Jersey City, NY-NJ Metro Area",92 - Public Administration,565.7534496,575.4471497,0.0018894503601916135
"New York-Newark-Jersey City, NY-NJ Metro Area",GMP,1392492.407,1617142.651,0.016757248772995226
"New York-Newark-Jersey City, NY-NJ Metro Area",POP,18798.114,19282.138,0.002828729938256336
"New York-Newark-Jersey City, NY-NJ Metro Area",Unemployment Rate,5.3,7.3,0.03621450103073798
"Orlando-Kissimmee-Sanford, FL Metro Area","21 - Mining, Quarrying, and Oil and Gas Extraction",0.3,0.2,-0.044051921577024866
"Orlando-Kissimmee-Sanford, FL Metro Area",22 - Utilities,188.9761834,210.2712158,0.011934792205849476
"Orlando-Kissimmee-Sanford, FL Metro Area",23 - Construction,79.38914807,53.87117617,-0.04217014758277893
"Orlando-Kissimmee-Sanford, FL Metro Area",31-33 - Manufacturing,12.63750246,12.88957042,0.002196821793797543
"Orlando-Kissimmee-Sanford, FL Metro Area",42 - Wholesale Trade,43.09132267,40.75477446,-0.006175149263835222
"Orlando-Kissimmee-Sanford, FL Metro Area",44-45 - Retail Trade,117.6359489,137.2001907,0.01724098691771303
"Orlando-Kissimmee-Sanford, FL Metro Area",48-49 - Transportation and Warehousing,28.21690141,32.3544552,0.01531955859475187
"Orlando-Kissimmee-Sanford, FL Metro Area",51 - Information,23.9216374,23.6779124,-0.0011372120582784362
"Orlando-Kissimmee-Sanford, FL Metro Area",52 - Finance and Insurance,38.81641857,39.09791038,0.0008031786479345548
"Orlando-Kissimmee-Sanford, FL Metro Area",53 - Real Estate and Rental and Leasing,25.39027978,31.36634027,0.023763392034700015
"Orlando-Kissimmee-Sanford, FL Metro Area","54 - Professional, Scientific, and Technical Services",58.83847716,65.59538248,0.012152053435603882
"Orlando-Kissimmee-Sanford, FL Metro Area",55 - Management of Companies and Enterprises,13.98455802,16.56463901,0.018991025222231617
"Orlando-Kissimmee-Sanford, FL Metro Area",56 - Administrative and Support and Waste Management and Remediation Services,80.97433839,98.48174433,0.021986994989510178
"Orlando-Kissimmee-Sanford, FL Metro Area",61 - Educational Services,100.0671122,131.9843723,0.031238256767488704
"Orlando-Kissimmee-Sanford, FL Metro Area",62 - Health Care and Social Assistance,31.63282164,47.71190286,0.0467237767180142
"Orlando-Kissimmee-Sanford, FL Metro Area","71 - Arts, Entertainment, and Recreation",58.30565195,74.40324988,0.02745919546835629
"Orlando-Kissimmee-Sanford, FL Metro Area",72 - Accommodation and Food Services,124.7164151,150.1692772,0.020850019205306047
"Orlando-Kissimmee-Sanford, FL Metro Area",81 - Other Services (except Public Administration),41.91615953,40.0255025,-0.005115162559739872
"Orlando-Kissimmee-Sanford, FL Metro Area",92 - Public Administration,11.86670948,12.43746977,0.0052332810135102825
"Orlando-Kissimmee-Sanford, FL Metro Area",GMP,110181.745,117990.74,0.007637340971291984
"Orlando-Kissimmee-Sanford, FL Metro Area",POP,1939.766,2325.257,0.020344543645885338
"Orlando-Kissimmee-Sanford, FL Metro Area",Unemployment Rate,4.3,6.8,0.052241936459755944
"Phoenix-Mesa-Chandler, AZ Metro Area","21 - Mining, Quarrying, and Oil and Gas Extraction",2.2,3.4,0.049557529190481286
"Phoenix-Mesa-Chandler, AZ Metro Area",22 - Utilities,7.812903007,7.90787682,0.0013434271383727658
"Phoenix-Mesa-Chandler, AZ Metro Area",23 - Construction,151.7459526,94.77350341,-0.05095777535505397
"Phoenix-Mesa-Chandler, AZ Metro Area",31-33 - Manufacturing,134.5110186,119.0490192,-0.013476236281832366
"Phoenix-Mesa-Chandler, AZ Metro Area",42 - Wholesale Trade,80.09431636,76.82158319,-0.004624746435977212
"Phoenix-Mesa-Chandler, AZ Metro Area",44-45 - Retail Trade,209.946399,213.8731348,0.0020610940193235283
"Phoenix-Mesa-Chandler, AZ Metro Area",48-49 - Transportation and Warehousing,53.04539266,60.401469,0.014534098031351972
"Phoenix-Mesa-Chandler, AZ Metro Area",51 - Information,32.78261146,35.27036426,0.008160319322973786
"Phoenix-Mesa-Chandler, AZ Metro Area",52 - Finance and Insurance,107.4610978,121.4956156,0.013732241211259266
"Phoenix-Mesa-Chandler, AZ Metro Area",53 - Real Estate and Rental and Leasing,36.28521745,38.01121917,0.0051767903936987825
"Phoenix-Mesa-Chandler, AZ Metro Area","54 - Professional, Scientific, and Technical Services",87.0378285,98.67498236,0.014040838180918502
"Phoenix-Mesa-Chandler, AZ Metro Area",55 - Management of Companies and Enterprises,20.24955222,26.06790321,0.028461059872272765
"Phoenix-Mesa-Chandler, AZ Metro Area",56 - Administrative and Support and Waste Management and Remediation Services,179.904689,178.1841162,-0.0010671888943850627
"Phoenix-Mesa-Chandler, AZ Metro Area",61 - Educational Services,29.65789507,44.93543436,0.047248740312468396
"Phoenix-Mesa-Chandler, AZ Metro Area",62 - Health Care and Social Assistance,151.4594871,222.6576035,0.0437426971668291
"Phoenix-Mesa-Chandler, AZ Metro Area","71 - Arts, Entertainment, and Recreation",21.46115366,27.63499069,0.028491472972388854
"Phoenix-Mesa-Chandler, AZ Metro Area",72 - Accommodation and Food Services,143.4399795,168.0479439,0.017748174504018888
"Phoenix-Mesa-Chandler, AZ Metro Area",81 - Other Services (except Public Administration),64.5249181,63.67811856,-0.0014667544243798236
"Phoenix-Mesa-Chandler, AZ Metro Area",92 - Public Administration,15.89128833,18.58859985,0.017572322084933534
"Phoenix-Mesa-Chandler, AZ Metro Area",GMP,205774.081,220176.396,0.007545004768355401
"Phoenix-Mesa-Chandler, AZ Metro Area",POP,3884.588,4490.405,0.01623323561789891
"Phoenix-Mesa-Chandler, AZ Metro Area",Unemployment Rate,4.2,6.3,0.04608191864321465
"Riverside-San Bernardino-Ontario, CA Metro Area","21 - Mining, Quarrying, and Oil and Gas Extraction",1.3,1.2,-0.008854202804111422
"Riverside-San Bernardino-Ontario, CA Metro Area",22 - Utilities,5.2,5.6,0.00826821355230245
"Riverside-San Bernardino-Ontario, CA Metro Area",23 - Construction,115.0125554,75.12141421,-0.04622375790814737
"Riverside-San Bernardino-Ontario, CA Metro Area",31-33 - Manufacturing,120.9285626,90.01887316,-0.03226583050440501
"Riverside-San Bernardino-Ontario, CA Metro Area",42 - Wholesale Trade,47.6312108,57.49958995,0.021141444205921456
"Riverside-San Bernardino-Ontario, CA Metro Area",44-45 - Retail Trade,162.0771796,167.3180717,0.003542257107305158
"Riverside-San Bernardino-Ontario, CA Metro Area",48-49 - Transportation and Warehousing,54.2530138,76.51948768,0.03894903200360633
"Riverside-San Bernardino-Ontario, CA Metro Area",51 - Information,15.94560008,13.90924311,-0.015066387063513154
"Riverside-San Bernardino-Ontario, CA Metro Area",52 - Finance and Insurance,29.0505769,25.79787621,-0.013107359464569424
"Riverside-San Bernardino-Ontario, CA Metro Area",53 - Real Estate and Rental and Leasing,18.34182355,16.13385418,-0.014150492020771455
"Riverside-San Bernardino-Ontario, CA Metro Area","54 - Professional, Scientific, and Technical Services",30.82990987,37.43841163,0.021813613489330308
"Riverside-San Bernardino-Ontario, CA Metro Area",55 - Management of Companies and Enterprises,11.85530104,8.354326231,-0.03814195311256119
"Riverside-San Bernardino-Ontario, CA Metro Area",56 - Administrative and Support and Waste Management and Remediation Services,83.43994047,83.61922535,0.00023851340735170368
"Riverside-San Bernardino-Ontario, CA Metro Area",61 - Educational Services,13.33983802,17.63721876,0.0315148986046383
"Riverside-San Bernardino-Ontario, CA Metro Area",62 - Health Care and Social Assistance,122.7997254,174.0649977,0.039524895753072053
"Riverside-San Bernardino-Ontario, CA Metro Area","71 - Arts, Entertainment, and Recreation",15.00125739,17.30601199,0.016006749537550213
"Riverside-San Bernardino-Ontario, CA Metro Area",72 - Accommodation and Food Services,104.0159836,124.2992095,0.019991320678193425
"Riverside-San Bernardino-Ontario, CA Metro Area",81 - Other Services (except Public Administration),45.74439639,59.81827207,0.030253256192982247
"Riverside-San Bernardino-Ontario, CA Metro Area",92 - Public Administration,17.13371813,16.96492049,-0.0010994652527983595
"Riverside-San Bernardino-Ontario, CA Metro Area",GMP,141765.461,155233.273,0.010134898548940008
"Riverside-San Bernardino-Ontario, CA Metro Area",POP,3861.335,4413.584,0.014963524573590625
"Riverside-San Bernardino-Ontario, CA Metro Area",Unemployment Rate,5.7,9.1,0.053353298672422556
"San Diego-Chula Vista-Carlsbad, CA Metro Area","21 - Mining, Quarrying, and Oil and Gas Extraction",0.4,0.4,0.0
"San Diego-Chula Vista-Carlsbad, CA Metro Area",22 - Utilities,6.4,6.1,-0.005320155266225091
"San Diego-Chula Vista-Carlsbad, CA Metro Area",23 - Construction,86.75915052,62.6141563,-0.03558953182786784
"San Diego-Chula Vista-Carlsbad, CA Metro Area",31-33 - Manufacturing,14.09057039,17.91770696,0.027057770834297168
"San Diego-Chula Vista-Carlsbad, CA Metro Area",42 - Wholesale Trade,43.77462584,45.34417939,0.003921835784478134
"San Diego-Chula Vista-Carlsbad, CA Metro Area",44-45 - Retail Trade,146.7638276,143.4289688,-0.0025506036812733557
"San Diego-Chula Vista-Carlsbad, CA Metro Area",48-49 - Transportation and Warehousing,22.43683057,20.71168046,-0.008850162032191022
"San Diego-Chula Vista-Carlsbad, CA Metro Area",51 - Information,32.78644653,24.30819483,-0.032698102048464905
"San Diego-Chula Vista-Carlsbad, CA Metro Area",52 - Finance and Insurance,53.20068375,42.4056311,-0.02488405634078583
"San Diego-Chula Vista-Carlsbad, CA Metro Area",53 - Real Estate and Rental and Leasing,29.42052938,27.34103056,-0.008111829440735518
"San Diego-Chula Vista-Carlsbad, CA Metro Area","54 - Professional, Scientific, and Technical Services",105.4267596,119.6452944,0.014156489060135335
"San Diego-Chula Vista-Carlsbad, CA Metro Area",55 - Management of Companies and Enterprises,17.64077573,22.51857546,0.027496519393068963
"San Diego-Chula Vista-Carlsbad, CA Metro Area",56 - Administrative and Support and Waste Management and Remediation Services,88.40421913,78.4447356,-0.013192793648748369
"San Diego-Chula Vista-Carlsbad, CA Metro Area",61 - Educational Services,21.08647541,28.60170002,0.03445061349910361
"San Diego-Chula Vista-Carlsbad, CA Metro Area",62 - Health Care and Social Assistance,112.4163629,153.7580728,0.03540925855220367
"San Diego-Chula Vista-Carlsbad, CA Metro Area","71 - Arts, Entertainment, and Recreation",22.30389985,26.48925215,0.019292352153432724
"San Diego-Chula Vista-Carlsbad, CA Metro Area",72 - Accommodation and Food Services,123.5419063,145.4414951,0.018298003871349833
"San Diego-Chula Vista-Carlsbad, CA Metro Area",81 - Other Services (except Public Administration),14.6162607,17.40344195,0.019581851583316823
"San Diego-Chula Vista-Carlsbad, CA Metro Area",92 - Public Administration,214.4890293,230.0330765,0.007804130025287126
"San Diego-Chula Vista-Carlsbad, CA Metro Area",GMP,186576.147,207374.059,0.011811967898106568
"San Diego-Chula Vista-Carlsbad, CA Metro Area",POP,2941.77,3249.307,0.011109063741616243
"San Diego-Chula Vista-Carlsbad, CA Metro Area",Unemployment Rate,4.6,7.3,0.05265244408647951
"San Francisco-Oakland-Fremont, CA Metro Area","21 - Mining, Quarrying, and Oil and Gas Extraction",0.9,0.5,-0.06322263537662376
"San Francisco-Oakland-Fremont, CA Metro Area",22 - Utilities,35.86472912,33.51613065,-0.007497033977004963
"San Francisco-Oakland-Fremont, CA Metro Area",23 - Construction,110.8706655,95.16433376,-0.016830001726039323
"San Francisco-Oakland-Fremont, CA Metro Area",31-33 - Manufacturing,55.6,51.2,-0.009118578975726876
"San Francisco-Oakland-Fremont, CA Metro Area",42 - Wholesale Trade,73.86158411,71.1465245,-0.004152618471862879
"San Francisco-Oakland-Fremont, CA Metro Area",44-45 - Retail Trade,205.0957655,202.1306565,-0.0016167711900832993
"San Francisco-Oakland-Fremont, CA Metro Area",48-49 - Transportation and Warehousing,68.5,64.8,-0.0061507994526394105
"San Francisco-Oakland-Fremont, CA Metro Area",51 - Information,73.62294106,77.92730019,0.0063332671786577865
"San Francisco-Oakland-Fremont, CA Metro Area",52 - Finance and Insurance,112.4,87.3,-0.027688716189414597
"San Francisco-Oakland-Fremont, CA Metro Area",53 - Real Estate and Rental and Leasing,39.6,38.5,-0.0031252037929461185
"San Francisco-Oakland-Fremont, CA Metro Area","54 - Professional, Scientific, and Technical Services",176.3,248.2,0.038736747790402815
"San Francisco-Oakland-Fremont, CA Metro Area",55 - Management of Companies and Enterprises,45.7,54.9,0.020588528949765594
"San Francisco-Oakland-Fremont, CA Metro Area",56 - Administrative and Support and Waste Management and Remediation Services,109.9,121.7,0.011396465906013509
"San Francisco-Oakland-Fremont, CA Metro Area",61 - Educational Services,40.6,53.1,0.030272372752306875
"San Francisco-Oakland-Fremont, CA Metro Area",62 - Health Care and Social Assistance,203.1,266.1,0.030474422993905126
"San Francisco-Oakland-Fremont, CA Metro Area","71 - Arts, Entertainment, and Recreation",32.7,37.6,0.015635302289199737
"San Francisco-Oakland-Fremont, CA Metro Area",72 - Accommodation and Food Services,164.1,207.2,0.0262506928590982
"San Francisco-Oakland-Fremont, CA Metro Area",81 - Other Services (except Public Administration),18.89821032,25.47401936,0.03373336278190564
"San Francisco-Oakland-Fremont, CA Metro Area",92 - Public Administration,311.175933,299.837129,-0.004115843193060131
"San Francisco-Oakland-Fremont, CA Metro Area",GMP,338327.098,429713.771,0.02692340995018294
"San Francisco-Oakland-Fremont, CA Metro Area",POP,4149.607,4585.277,0.011154742804167173
"San Francisco-Oakland-Fremont, CA Metro Area",Unemployment Rate,5.2,6.0,0.016027172858229077
"Seattle-Tacoma-Bellevue, WA Metro Area","21 - Mining, Quarrying, and Oil and Gas Extraction",1.585461523,1.011590502,-0.048702052801397944
"Seattle-Tacoma-Bellevue, WA Metro Area",22 - Utilities,61.25245762,64.83212116,0.006330755548648703
"Seattle-Tacoma-Bellevue, WA Metro Area",23 - Construction,98.26623927,93.15856609,-0.005913277267171835
"Seattle-Tacoma-Bellevue, WA Metro Area",31-33 - Manufacturing,167.8430116,187.1354311,0.012162648176701873
"Seattle-Tacoma-Bellevue, WA Metro Area",42 - Wholesale Trade,77.29388231,81.31413972,0.005649801538861743
"Seattle-Tacoma-Bellevue, WA Metro Area",44-45 - Retail Trade,170.0458274,175.9210295,0.003781267092991314
"Seattle-Tacoma-Bellevue, WA Metro Area",48-49 - Transportation and Warehousing,44.75899914,45.69131275,0.0022932548544452036
"Seattle-Tacoma-Bellevue, WA Metro Area",51 - Information,76.85648013,92.94962041,0.021348900073671517
"Seattle-Tacoma-Bellevue, WA Metro Area",52 - Finance and Insurance,51.0892622,41.35379912,-0.023216262715252456
"Seattle-Tacoma-Bellevue, WA Metro Area",53 - Real Estate and Rental and Leasing,25.00578758,25.53338196,0.002322625485274843
"Seattle-Tacoma-Bellevue, WA Metro Area","54 - Professional, Scientific, and Technical Services",77.71020989,109.0616061,0.038376539726044934
"Seattle-Tacoma-Bellevue, WA Metro Area",55 - Management of Companies and Enterprises,25.0125721,40.76975186,0.055785088378370595
"Seattle-Tacoma-Bellevue, WA Metro Area",56 - Administrative and Support and Waste Management and Remediation Services,87.87774485,93.80160264,0.007274705939305459
"Seattle-Tacoma-Bellevue, WA Metro Area",61 - Educational Services,19.74705977,25.06079032,0.026831414638021744
"Seattle-Tacoma-Bellevue, WA Metro Area",62 - Health Care and Social Assistance,62.57997576,78.74727456,0.025861909318822374
"Seattle-Tacoma-Bellevue, WA Metro Area","71 - Arts, Entertainment, and Recreation",21.21069222,23.89611771,0.01333373433691487
"Seattle-Tacoma-Bellevue, WA Metro Area",72 - Accommodation and Food Services,82.05388789,99.49896247,0.021650035133413903
"Seattle-Tacoma-Bellevue, WA Metro Area",81 - Other Services (except Public Administration),69.93585935,86.42472723,0.023800517279536137
"Seattle-Tacoma-Bellevue, WA Metro Area",92 - Public Administration,54.17466148,56.89945422,0.005467386391382556
"Seattle-Tacoma-Bellevue, WA Metro Area",GMP,229109.919,312734.562,0.03517712223060365
"Seattle-Tacoma-Bellevue, WA Metro Area",POP,3202.388,3676.765,0.015466894070197634
"Seattle-Tacoma-Bellevue, WA Metro Area",Unemployment Rate,5.1,5.4,0.006371144819342867
USA,"21 - Mining, Quarrying, and Oil and Gas Extraction",540.3,818.2,0.047188695435008254
USA,22 - Utilities,557.5,549.1,-0.0016854590214158138
USA,23 - Construction,7095.0,5985.0,-0.018726218859945853
USA,31-33 - Manufacturing,14257.0,12058.0,-0.01844113950289683
USA,42 - Wholesale Trade,5645.5,5703.1,0.001128538433371018
USA,44-45 - Retail Trade,15124.4,15214.9,0.000663094990054125
USA,48-49 - Transportation and Warehousing,4297.2,4561.9,0.0066638335900013335
USA,51 - Information,3071.0,2724.0,-0.013234077368605823
USA,52 - Finance and Insurance,6034.6,5895.0,-0.002597181288135908
USA,53 - Real Estate and Rental and Leasing,2108.4,2018.1,-0.004851846170626173
USA,"54 - Professional, Scientific, and Technical Services",6923.5,8259.7,0.019800915372644612
USA,55 - Management of Companies and Enterprises,1781.3,2223.1,0.024923204193527226
USA,56 - Administrative and Support and Waste Management and Remediation Services,8008.7,8425.7,0.0056557233387677375
USA,61 - Educational Services,3079.1,3690.5,0.02032882824048232
USA,62 - Health Care and Social Assistance,14646.9,17840.1,0.022155196521729703
USA,"71 - Arts, Entertainment, and Recreation",1858.7,2079.4,0.012544932590513369
USA,72 - Accommodation and Food Services,10806.5,12409.7,0.015488795890601814
USA,81 - Other Services (except Public Administration),5398.0,5533.0,0.0027483976410891398
USA,92 - Public Administration,21627.0,21679.0,0.0002668707098567591
USA,GDPC1,15844.727,17953.974,0.013982939377510828
USA,POP,295516599.0,319257560.0,0.008622872094570022
USA,Total Employment,132860.6,137667.5,0.003956796339603663
USA,Unemployment Rate,5.3,6.6,0.024673113028851557
